molecule_chembl_id,canonical_smiles,bioactivity_class,MW,LogP,NumHDonors,NumHAcceptors,pIC50
CHEMBL13443,C=CCNC(=O)C(=O)[C@H](CC)NC(=O)[C@@H]1CCCN1C(=O)[C@@H](NC(=O)[C@@H](NC(=O)[C@H](CCC(=O)O)NC(=O)[C@@H](N)CC(=O)O)C(C)C)C(C)C,active,709.798,-1.8232999999999975,8.0,10.0,6.376750709602099
CHEMBL346460,C=CCC(NC(=O)[C@H]1CCCN1C(=O)[C@@H](NC(=O)[C@@H](NC(=O)[C@H](CCC(=O)O)NC(=O)[C@@H](N)CC(=O)O)C(C)C)C(C)C)C(=O)C(=O)NCC,active,709.7980000000001,-1.823299999999994,8.0,10.0,6.455931955649724
CHEMBL351389,C=CCNC(=O)C(=O)C(CC=C)NC(=O)[C@H]1CCCN1C(=O)[C@@H](NC(=O)[C@@H](NC(=O)[C@H](CCC(=O)OC(C)(C)C)NC(=O)[C@H](CC(=O)OC(C)(C)C)NC(=O)OC(C)(C)C)C(C)C)C(C)C,active,934.1419999999997,2.42300000000001,6.0,13.0,6.2441251443275085
CHEMBL162786,C=CCC(NC(=O)[C@H]1CCCN1C(=O)[C@@H](NC(=O)[C@@H](NC(=O)[C@H](CCC(=O)OC(C)(C)C)NC(=O)[C@H](CC(=O)OC(C)(C)C)NC(=O)OC(C)(C)C)C(C)C)C(C)C)C(=O)C(=O)OC,inactive,909.0879999999999,2.2938000000000125,5.0,14.0,4.522878745280337
CHEMBL351266,C=CCC(NC(=O)[C@H]1CCCN1C(=O)[C@@H](NC(=O)[C@@H](NC(=O)[C@H](CCC(=O)OC(C)(C)C)NC(=O)[C@H](CC(=O)OC(C)(C)C)NC(=O)OC(C)(C)C)C(C)C)C(C)C)C(=O)C(=O)CC(C)C,inactive,935.1699999999997,3.736000000000013,5.0,13.0,4.522878745280337
CHEMBL435655,C=CCNC(=O)C(=O)C(CC=C)NC(=O)[C@H]1CCCN1C(=O)[C@@H](NC(=O)[C@@H](NC(=O)[C@H](CCC(=O)O)NC(=O)[C@@H](N)CC(=O)O)C(C)C)C(C)C,active,721.8090000000001,-1.657199999999994,8.0,10.0,6.468521082957745
CHEMBL404816,C=CCNC(=O)C(=O)[C@H](CC)NC(=O)[C@H]1CCCN1C(=O)[C@@H](NC(=O)[C@@H](NC(=O)[C@H](CCC(=O)OC(C)(C)C)NC(=O)[C@H](CC(=O)OC(C)(C)C)NC(=O)OC(C)(C)C)C(C)C)C(C)C,active,922.1309999999997,2.2569000000000097,6.0,13.0,6.075720713938118
CHEMBL1790527,CCC[C@H](NC(=O)[C@@H]1C[C@@H](OCc2cccc3ccccc23)CN1C(=O)[C@@H](NC(=O)[C@@H](NC(=O)CCC(=O)O)[C@H](C)CC)C(C)C)C(=O)O,inactive,682.8150000000002,3.2319000000000013,5.0,7.0,4.657577319177793
CHEMBL451001,CCCN(NC(=O)[C@@H]1C[C@@H](OCc2ccccc2)CN1C(=O)[C@@H](NC(=O)[C@@H](NC(=O)[C@@H](CCC(=O)O)NC(=O)[C@H](CC(=O)O)NC(C)=O)[C@@H](C)CC)C(C)C)C(=O)NN(C)c1ccccc1,active,924.0659999999999,1.6776000000000082,8.0,11.0,6.318758762624412
CHEMBL3301643,CCCN(NC(=O)[C@@H]1C[C@@H](OCc2ccccc2)CN1C(=O)[C@@H](NC(=O)[C@@H](NC(=O)[C@@H](CCC(=O)O)NC(=O)[C@H](CC(=O)O)NC(C)=O)[C@@H](C)CC)C(C)C)C(=O)OCc1ccccc1,active,910.035,2.253400000000009,7.0,11.0,6.096910013008056
CHEMBL3301631,CC[C@H](C)[C@H](NC(=O)[C@@H](CCC(=O)O)NC(=O)[C@H](CC(=O)O)NC(C)=O)C(=O)N[C@H](C(=O)N1C[C@H](OCc2ccccc2)C[C@H]1C(=O)NN(CC(F)(F)F)C(=O)N[C@@H](C)c1ccccc1)C(C)C,active,963.021,2.5397000000000105,8.0,10.0,6.468521082957745
CHEMBL450590,CCCN(NC(=O)[C@@H]1C[C@@H](OCc2ccccc2)CN1C(=O)[C@@H](NC(=O)[C@@H](NC(=O)[C@@H](CCC(=O)O)NC(=O)[C@H](CC(=O)O)NC(C)=O)[C@@H](C)CC)C(C)C)C(=O)N[C@@H](C)c1cccc2ccccc12,active,973.1379999999999,3.5406000000000093,8.0,10.0,6.309803919971486
CHEMBL3301639,CC[C@H](C)[C@H](NC(=O)[C@@H](CCC(=O)O)NC(=O)[C@H](CC(=O)O)NC(C)=O)C(=O)N[C@H](C(=O)N1C[C@H](OCc2ccccc2)C[C@H]1C(=O)NN(CC)C(=O)N[C@@H](C)c1ccccc1)C(C)C,active,909.0509999999998,1.9973000000000103,8.0,10.0,7.070581074285707
CHEMBL509865,CCCN(NC(=O)[C@@H]1C[C@@H](OCc2ccccc2)CN1C(=O)[C@@H](NC(=O)[C@@H](NC(=O)[C@@H](CCC(=O)O)NC(=O)[C@H](CC(=O)O)NC(C)=O)[C@@H](C)CC)C(C)C)C(=O)N[C@@H](C)c1nnn[nH]1,active,915.0189999999998,-0.09949999999999454,9.0,13.0,6.0655015487564325
CHEMBL3301637,CC[C@H](C)[C@H](NC(=O)[C@@H](CCC(=O)O)NC(=O)[C@H](CC(=O)O)NC(C)=O)C(=O)N[C@H](C(=O)N1C[C@H](OCc2ccccc2)C[C@H]1C(=O)NN(C)C(=O)N[C@@H](C)c1ccccc1)C(C)C,active,895.0239999999999,1.6072000000000108,8.0,10.0,6.366531544420414
CHEMBL3301635,CCCCCN(NC(=O)[C@@H]1C[C@@H](OCc2ccccc2)CN1C(=O)[C@@H](NC(=O)[C@@H](NC(=O)[C@@H](CCC(=O)O)NC(=O)[C@H](CC(=O)O)NC(C)=O)[C@@H](C)CC)C(C)C)C(=O)N[C@@H](C)c1ccccc1,active,951.1320000000001,3.167600000000011,8.0,10.0,6.309803919971486
CHEMBL499671,CCCN(NC(=O)[C@@H]1C[C@@H](OCc2ccccc2)CN1C(=O)[C@@H](NC(=O)[C@@H](NC(=O)[C@@H](CCC(=O)O)NC(=O)[C@H](CC(=O)O)NC(C)=O)[C@@H](C)CC)C(C)C)C(=O)N[C@@H](C)c1ccccc1,active,923.078,2.3874000000000084,8.0,10.0,7.107905397309519
CHEMBL3301646,CCCN(NC(=O)[C@@H]1C[C@@H](OCc2ccccc2)CN1C(=O)[C@@H](NC(=O)[C@@H](NC(=O)[C@@H](CCC(=O)O)NC(=O)[C@H](CC(=O)O)NC(C)=O)[C@@H](C)CC)C(C)C)C(=O)NCc1ccccc1,active,909.0509999999999,1.826400000000009,8.0,10.0,6.229147988357855
CHEMBL341277,CC[C@H](C)[C@H](NC(=O)[C@H](CC(=O)O)NC(=O)[C@H](CC(=O)O)NC(C)=O)C(=O)N[C@H](C(=O)N1CCC[C@@H]1C(=O)N[C@@H](CS)C(=O)O)C(C)C,inactive,702.7840000000002,-1.912799999999993,9.0,10.0,4.366531544420414
CHEMBL72695,CCC[C@H](NC(=O)[C@@H]1CCCN1C(=O)[C@@H](NC(=O)[C@@H](NC(=O)[C@H](CC(=O)O)NC(=O)[C@H](CC(=O)O)NC(C)=O)[C@@H](C)CC)C(C)C)C(=O)O,inactive,698.7710000000001,-1.0424999999999902,8.0,9.0,3.8239087409443187
CHEMBL3301640,CCC[C@H](NC(=O)[C@@H]1C[C@@H](OCc2ccccc2)CN1C(=O)[C@@H](NC(=O)[C@@H](NC(=O)[C@@H](CCC(=O)O)NC(=O)[C@H](CC(=O)O)NC(C)=O)[C@@H](C)CC)C(C)C)C(N)=O,inactive,817.938,-0.05639999999999035,8.0,10.0,4.585026652029182
CHEMBL3301629,CCCN(NC(=O)[C@@H]1C[C@@H](OCc2ccccc2)CN1C(=O)[C@@H](NC(=O)[C@@H](NC(=O)[C@@H](CCC(=O)O)NC(=O)[C@H](CC(=O)O)NC(C)=O)[C@@H](C)CC)C(C)C)C(N)=O,inactive,818.9259999999999,-0.004699999999991822,8.0,10.0,4.756961951313706
CHEMBL3301641,CCC[C@H](NC(=O)[C@@H]1C[C@@H](OCc2ccccc2)CN1C(=O)[C@@H](NC(=O)[C@@H](NC(=O)[C@@H](CCC(=O)O)NC(=O)[C@H](CC(=O)O)NC(C)=O)[C@@H](C)CC)C(C)C)C(=O)O,active,818.9220000000001,0.5429000000000095,8.0,10.0,6.221848749616356
CHEMBL3301642,CCCN(NC(=O)[C@@H]1C[C@@H](OCc2ccccc2)CN1C(=O)[C@@H](NC(=O)[C@@H](NC(=O)[C@@H](CCC(=O)O)NC(=O)[C@H](CC(=O)O)NC(C)=O)[C@@H](C)CC)C(C)C)C(=O)CCc1ccccc1,active,908.0629999999999,2.0760000000000094,7.0,10.0,6.1487416512809245
CHEMBL3301638,CCCCN(NC(=O)[C@@H]1C[C@@H](OCc2ccccc2)CN1C(=O)[C@@H](NC(=O)[C@@H](NC(=O)[C@@H](CCC(=O)O)NC(=O)[C@H](CC(=O)O)NC(C)=O)[C@@H](C)CC)C(C)C)C(=O)N[C@@H](C)c1ccccc1,active,937.105,2.7775000000000105,8.0,10.0,7.00436480540245
CHEMBL3301630,CCCN(NC(=O)[C@@H]1C[C@@H](OCc2ccccc2)CN1C(=O)[C@@H](NC(=O)[C@@H](NC(=O)[C@@H](CCC(=O)O)NC(=O)[C@H](CC(=O)O)NC(C)=O)[C@@H](C)CC)C(C)C)C(=O)NCc1ccc2c(c1)OCO2,active,953.0599999999998,1.5551000000000088,8.0,12.0,6.301029995663981
CHEMBL504504,CCCN(NC(=O)[C@@H]1C[C@@H](OCc2ccccc2)CN1C(=O)[C@@H](NC(=O)[C@@H](NC(=O)[C@@H](CCC(=O)O)NC(=O)[C@H](CC(=O)O)NC(C)=O)[C@@H](C)CC)C(C)C)C(=O)N[C@@H](CC)c1ccccc1,active,937.1049999999999,2.7775000000000087,8.0,10.0,6.356547323513812
CHEMBL499668,CCCN(NC(=O)[C@@H]1C[C@@H](OCc2ccccc2)CN1C(=O)[C@@H](NC(=O)[C@@H](NC(=O)[C@@H](CCC(=O)O)NC(=O)[C@H](CC(=O)O)NC(C)=O)[C@@H](C)CC)C(C)C)C(=O)N[C@@H](C)c1ccc(Br)cc1,active,1001.9739999999999,3.1499000000000095,8.0,10.0,7.142667503568731
CHEMBL509825,CCCN(NC(=O)[C@@H]1C[C@@H](OCc2ccccc2)CN1C(=O)[C@@H](NC(=O)[C@@H](NC(=O)[C@@H](CCC(=O)O)NC(=O)[C@H](CC(=O)O)NC(C)=O)[C@@H](C)CC)C(C)C)C(=O)N[C@@H](C)C1CCCCC1,active,929.1259999999996,2.5950000000000077,8.0,10.0,6.376750709602099
CHEMBL3301628,CCC[C@@H](NC(=O)[C@@H]1C[C@@H](OCc2ccccc2)CN1C(=O)[C@@H](NC(=O)[C@@H](NC(=O)[C@@H](CCC(=O)O)NC(=O)[C@H](CC(=O)O)NC(C)=O)[C@@H](C)CC)C(C)C)C(=O)O,inactive,818.9220000000001,0.5429000000000095,8.0,10.0,4.468521082957745
CHEMBL447631,CCCN(NC(=O)[C@@H]1C[C@@H](OCc2ccccc2)CN1C(=O)[C@@H](NC(=O)[C@@H](NC(=O)[C@@H](CCC(=O)O)NC(=O)[C@H](CC(=O)O)NC(C)=O)[C@@H](C)CC)C(C)C)C(=O)N[C@H]1CCc2ccccc21,active,935.0889999999998,2.3137000000000087,8.0,10.0,7.0
CHEMBL166087,CC[C@H](NC(=O)[C@@H]1C[C@@](C)(NC(=O)Nc2cccc3ccccc23)c2ncc(NCc3cccc(C(F)(F)F)c3)c(=O)n21)B1OC2C3CC(C[C@]2(C)O1)C3(C)C,active,770.662,7.171400000000007,4.0,8.0,6.568636235841013
CHEMBL355235,CC[C@H](NC(=O)[C@@H]1C[C@@](C)(CC(=O)Nc2ccccc2OC)c2ncc(NCc3cccc(C(F)(F)F)c3)c(=O)n21)B1OC2C3CC(C[C@]2(C)O1)C3(C)C,active,749.64,6.276400000000007,3.0,9.0,6.698970004336019
CHEMBL163850,CC[C@H](NC(=O)[C@@H]1C[C@@](C)(NC(=O)Nc2ccccc2Cl)c2ncc(NCc3cccc(C(F)(F)F)c3)c(=O)n21)B1OC2C3CC(C[C@]2(C)O1)C3(C)C,active,755.0469999999999,6.671600000000007,4.0,8.0,6.431798275933005
CHEMBL351223,CC[C@H](NC(=O)[C@@H]1C[C@@](C)(NC(=O)Nc2ccccc2)c2ncc(NCc3cccc(C(F)(F)F)c3)c(=O)n21)B1OC2C3CC(C[C@]2(C)O1)C3(C)C,active,720.6019999999999,6.0182000000000055,4.0,8.0,6.102372908709558
CHEMBL167984,CC[C@H](NC(=O)[C@@H]1C[C@@](C)(NC(=O)Nc2ccccc2Oc2ccccc2)c2ncc(NCc3cccc(C(F)(F)F)c3)c(=O)n21)B1OC2C3CC(C[C@]2(C)O1)C3(C)C,active,812.6990000000001,7.810500000000007,4.0,9.0,6.522878745280337
CHEMBL352130,CC[C@H](NC(=O)[C@@H]1C[C@@](C)(NC(=O)Nc2ccccc2C)c2ncc(NCc3cccc(C(F)(F)F)c3)c(=O)n21)B1OC2C3CC(C[C@]2(C)O1)C3(C)C,active,734.6289999999999,6.326620000000006,4.0,8.0,6.107905397309519
CHEMBL352843,CC[C@H](NC(=O)[C@@H]1C[C@@](C)(NC(=O)Nc2cccc(F)c2)c2ncc(NCc3cccc(C(F)(F)F)c3)c(=O)n21)B1OC2C3CC(C[C@]2(C)O1)C3(C)C,active,738.5919999999999,6.1573000000000055,4.0,8.0,6.301029995663981
CHEMBL348722,CC[C@H](NC(=O)[C@@H]1C[C@@](C)(CC(=O)Nc2ccccc2C(=O)NC)c2ncc(NCc3cccc(C(F)(F)F)c3)c(=O)n21)B1OC2C3CC(C[C@]2(C)O1)C3(C)C,active,776.666,5.627400000000005,4.0,9.0,6.7447274948966935
CHEMBL434672,CC[C@H](NC(=O)[C@@H]1C[C@@](C)(NC(=O)Nc2cccc(SC)c2)c2ncc(NCc3cccc(C(F)(F)F)c3)c(=O)n21)B1OC2C3CC(C[C@]2(C)O1)C3(C)C,active,766.696,6.740100000000006,4.0,9.0,6.886056647693163
CHEMBL349862,CC[C@H](NC(=O)[C@@H]1C[C@@](C)(NC(=O)Nc2ccccc2-c2ccccc2)c2ncc(NCc3cccc(C(F)(F)F)c3)c(=O)n21)B1OC2C3CC(C[C@]2(C)O1)C3(C)C,inactive,796.7,7.685200000000008,4.0,8.0,4.522878745280337
CHEMBL352719,CC[C@H](NC(=O)[C@@H]1C[C@@](C)(NC(=O)Nc2ccccc2C(=O)OC)c2ncc(NCc3cccc(C(F)(F)F)c3)c(=O)n21)B1OC2C3CC(C[C@]2(C)O1)C3(C)C,active,778.638,5.8048000000000055,4.0,10.0,7.096910013008056
CHEMBL350980,CC[C@H](NC(=O)[C@@H]1C[C@@](C)(CC(=O)Nc2ccccc2C(=O)OC)c2ncc(NCc3cccc(C(F)(F)F)c3)c(=O)n21)B1OC2C3CC(C[C@]2(C)O1)C3(C)C,active,777.6500000000001,6.054400000000006,3.0,10.0,7.0
CHEMBL167809,CC[C@H](NC(=O)[C@@H]1C[C@@](C)(CC(=O)Nc2cccc3ccccc23)c2ncc(NCc3cccc(C(F)(F)F)c3)c(=O)n21)B1OC2C3CC(C[C@]2(C)O1)C3(C)C,active,769.674,7.421000000000007,3.0,8.0,6.769551078621726
CHEMBL433706,CCOc1ccccc1NC(=O)N[C@]1(C)C[C@@H](C(=O)N[C@@H](CC)B2OC3C4CC(C[C@]3(C)O2)C4(C)C)n2c1ncc(NCc1cccc(C(F)(F)F)c1)c2=O,active,764.6550000000002,6.416900000000006,4.0,9.0,6.795880017344075
CHEMBL351077,CC[C@H](NC(=O)[C@@H]1C[C@@](C)(NC(=O)Nc2ccccc2SC)c2ncc(NCc3cccc(C(F)(F)F)c3)c(=O)n21)B1OC2C3CC(C[C@]2(C)O1)C3(C)C,active,766.696,6.740100000000006,4.0,9.0,6.1487416512809245
CHEMBL168113,CC[C@H](NC(=O)[C@@H]1C[C@@](C)(CC(=O)Nc2ccccc2)c2ncc(NCc3cccc(C(F)(F)F)c3)c(=O)n21)B1OC2C3CC(C[C@]2(C)O1)C3(C)C,active,719.6139999999999,6.2678000000000065,3.0,8.0,6.769551078621726
CHEMBL435453,CC[C@H](NC(=O)[C@@H]1C[C@@](C)(NC(=O)Nc2ccccc2[N+](=O)[O-])c2ncc(NCc3cccc(C(F)(F)F)c3)c(=O)n21)B1OC2C3CC(C[C@]2(C)O1)C3(C)C,active,765.599,5.926400000000005,4.0,10.0,6.7447274948966935
CHEMBL354460,CC[C@H](NC(=O)[C@@H]1C[C@@](C)(NC(=O)Nc2ccccc2OC)c2ncc(NCc3cccc(C(F)(F)F)c3)c(=O)n21)B1OC2C3CC(C[C@]2(C)O1)C3(C)C,active,750.6279999999999,6.026800000000006,4.0,9.0,6.443697499232712
CHEMBL164440,CC[C@H](NC(=O)[C@@H]1C[C@@](C)(CC(=O)Nc2nccc3ccccc23)c2ncc(NCc3cccc(C(F)(F)F)c3)c(=O)n21)B1OC2C3CC(C[C@]2(C)O1)C3(C)C,active,770.662,6.816000000000007,3.0,9.0,6.356547323513812
CHEMBL164692,CC[C@H](NC(=O)[C@@H]1C[C@@](C)(CC(=O)Nc2ccccc2C(N)=O)c2ncc(NCc3cccc(C(F)(F)F)c3)c(=O)n21)B1OC2C3CC(C[C@]2(C)O1)C3(C)C,active,762.639,5.366700000000004,4.0,9.0,6.823908740944319
CHEMBL355383,CC[C@H](NC(=O)[C@@H]1C[C@@](C)(CC(=O)Nc2cccc(SC)c2)c2ncc(NCc3cccc(C(F)(F)F)c3)c(=O)n21)B1OC2C3CC(C[C@]2(C)O1)C3(C)C,active,765.708,6.989700000000008,3.0,9.0,7.045757490560675
CHEMBL165275,CCOC(=O)c1ccccc1NC(=O)N[C@]1(C)C[C@@H](C(=O)N[C@@H](CC)B2OC3C4CC(C[C@]3(C)O2)C4(C)C)n2c1ncc(NCc1cccc(C(F)(F)F)c1)c2=O,active,792.6650000000002,6.194900000000006,4.0,10.0,7.0
CHEMBL1790304,CC[C@H](C)[C@H](NC(=O)[C@H](CC(=O)O)NC(C)=O)C(=O)N[C@H](C(=O)N1CCC[C@H]1C(=O)N[C@@H](CS)C(=O)O)C(C)C,inactive,587.6960000000003,-0.8722999999999936,7.0,8.0,3.886056647693163
CHEMBL298641,CC(=O)N[C@@H](CC(=O)O)C(=O)N[C@@H](CC(=O)O)C(=O)N[C@@H](C)C(=O)N[C@H](C(=O)N1CCC[C@H]1C(=O)N[C@@H](CS)C(=O)O)C(C)C,inactive,660.7030000000003,-2.9389999999999947,9.0,10.0,3.2365720064370627
CHEMBL1790289,CC[C@H](C)[C@H](NC(=O)[C@@H](NC(=O)[C@H](CC(=O)O)NC(C)=O)C(C)C)C(=O)N[C@H](C(=O)N1CCC[C@H]1C(=O)N[C@@H](CS)C(=O)O)C(C)C,inactive,686.8290000000003,-0.7314999999999907,8.0,9.0,4.2839966563652006
CHEMBL2372770,CC[C@H](C)[C@H](NC(=O)[C@@H](CC(=O)O)NC(=O)CCC(=O)O)C(=O)N[C@H](C(=O)N1CCC[C@H]1C(=O)N[C@@H](CS)C(=O)O)C(C)C,inactive,645.7320000000003,-1.0273999999999923,8.0,9.0,4.119186407719209
CHEMBL1790299,CC[C@H](C)[C@H](NC(=O)CCC(=O)O)C(=O)N[C@H](C(=O)N1CCC[C@H]1C(=O)N[C@@H](CS)C(=O)O)C(C)C,inactive,530.6440000000002,0.013100000000004774,6.0,7.0,3.0809219076239263
CHEMBL1790303,CC[C@H](C)[C@H](NC(=O)[C@H](CC(=O)O)NC(=O)[C@@H](N)CC(=O)O)C(=O)N[C@H](C(=O)N1CCC[C@H]1C(=O)N[C@@H](CS)C(=O)O)C(C)C,inactive,660.7470000000003,-2.0901999999999923,9.0,10.0,4.1487416512809245
CHEMBL1790286,CC[C@H](C)[C@H](NC(=O)[C@H](CC(=O)O)NC(=O)[C@H](CC(=O)O)NC(C)=O)C(=O)N[C@H](C(=O)N[C@@H](C)C(=O)N[C@@H](CS)C(=O)O)C(C)C,inactive,676.7460000000001,-2.3990999999999962,10.0,10.0,4.031517051446065
CHEMBL1790305,CC[C@H](C)[C@H](NC(=O)[C@H](CC(=O)O)NC(=O)[C@H](C)NC(C)=O)C(=O)N[C@H](C(=O)N1CCC[C@H]1C(=O)N[C@@H](CS)C(=O)O)C(C)C,inactive,658.7750000000003,-1.367599999999992,8.0,9.0,3.6989700043360187
CHEMBL1790282,CC[C@H](C)[C@H](NC(=O)[C@H](CC(=O)O)NC(=O)[C@H](CC(=O)O)NC(C)=O)C(=O)N[C@H](C(=O)N1CCC[C@H]1C(=O)N[C@H](C(=O)O)C(C)(C)S)C(C)C,inactive,730.8380000000002,-1.1341999999999928,9.0,10.0,3.2006594505464183
CHEMBL1790281,CC[C@H](C)[C@H](NC(=O)[C@H](CC(=O)O)NC(=O)[C@H](CC(=O)O)NC(C)=O)C(=O)N[C@H](C(=O)N1CCC[C@H]1C(=O)N[C@@H](CO)C(=O)O)C(C)C,inactive,686.7160000000002,-2.850299999999998,9.0,10.0,3.0
CHEMBL2369571,CC[C@H](C)[C@H](NC(=O)[C@@H](NC(=O)[C@H](CC(=O)O)NC(C)=O)C(C)(C)C)C(=O)N[C@H](C(=O)N1CCC[C@H]1C(=O)N[C@@H](CS)C(=O)O)C(C)C,inactive,700.8560000000003,-0.3413999999999908,8.0,9.0,4.698970004336019
CHEMBL1790297,CC[C@H](C)[C@H](NC(=O)[C@H](CC(=O)O)NC(=O)[C@H](CC(=O)O)NC(C)=O)C(=O)N[C@H](C(=O)N1CCC[C@H]1C(=O)N[C@@H](CSC)C(=O)O)C(C)C,inactive,716.8110000000001,-1.4795999999999936,8.0,10.0,3.795880017344075
CHEMBL1790300,CC[C@H](C)[C@H](NC(=O)[C@H](C)NC(=O)[C@H](CC(=O)O)NC(C)=O)C(=O)N[C@H](C(=O)N1CCC[C@H]1C(=O)N[C@@H](CS)C(=O)O)C(C)C,inactive,658.7750000000003,-1.367599999999991,8.0,9.0,3.853871964321762
CHEMBL1790295,CC[C@H](C)[C@H](NC(=O)[C@H](CC(=O)O)NC(=O)[C@H](CC(=O)O)NC(C)=O)C(=O)N[C@H](C(=O)N1CCC[C@H]1C(=O)N[C@@H](C)C(=O)O)C(C)C,inactive,670.7170000000002,-1.8226999999999935,8.0,9.0,3.1487416512809245
CHEMBL2372765,CC[C@H](C)[C@H](NC(=O)[C@H](CC(=O)O)NC(=O)[C@H](CC(=O)O)NC(C)=O)C(=O)N[C@H](C(=O)N1CCC[C@H]1C(=O)N[C@H](CS)C(=O)O)C(C)C,inactive,702.7840000000002,-1.912799999999993,9.0,10.0,3.4814860601221125
CHEMBL1790298,CC[C@H](C)[C@H](NC(=O)[C@H](CC(=O)O)NC(=O)[C@H](CC(=O)O)NC(C)=O)C(=O)N[C@@H](C)C(=O)N1CCC[C@H]1C(=O)N[C@@H](CS)C(=O)O,inactive,674.7300000000002,-2.548899999999994,9.0,10.0,3.050609993355087
CHEMBL2369570,CC[C@@H](C)[C@@H](NC(=O)[C@H](CC(=O)O)NC(=O)[C@H](CC(=O)O)NC(C)=O)C(=O)N[C@H](C(=O)N1CCC[C@H]1C(=O)N[C@@H](CS)C(=O)O)C(C)C,inactive,702.7840000000002,-1.912799999999993,9.0,10.0,3.0969100130080562
CHEMBL1790291,CC[C@H](C)[C@H](NC(=O)[C@H](CC(=O)O)NC(=O)CCC(=O)O)C(=O)N[C@H](C(=O)N1CCC[C@H]1C(=O)N[C@@H](CS)C(=O)O)C(C)C,inactive,645.7320000000003,-1.0273999999999923,8.0,9.0,4.481486060122112
CHEMBL2372768,CC[C@H](C)[C@H](NC(=O)[C@H](CC(=O)O)NC(=O)[C@@H](CC(=O)O)NC(C)=O)C(=O)N[C@H](C(=O)N1CCC[C@H]1C(=O)N[C@@H](CS)C(=O)O)C(C)C,inactive,702.7840000000002,-1.912799999999993,9.0,10.0,4.3979400086720375
CHEMBL295605,CC[C@H](C)[C@H](NC(=O)[C@H](CC(=O)O)NC(=O)[C@H](CC(=O)O)NC(C)=O)C(=O)N[C@H](C(=O)N1CCC[C@H]1C(=O)N[C@@H](CS)C(=O)O)C(C)C,inactive,702.7840000000002,-1.912799999999993,9.0,10.0,4.552841968657781
CHEMBL2372766,CC[C@H](C)[C@H](NC(=O)[C@H](CC(=O)O)NC(=O)[C@H](CC(=O)O)NC(C)=O)C(=O)N[C@@H](C(=O)N1CCC[C@H]1C(=O)N[C@@H](CS)C(=O)O)C(C)C,inactive,702.7840000000002,-1.912799999999993,9.0,10.0,3.0809219076239263
CHEMBL341277,CC[C@H](C)[C@H](NC(=O)[C@H](CC(=O)O)NC(=O)[C@H](CC(=O)O)NC(C)=O)C(=O)N[C@H](C(=O)N1CCC[C@@H]1C(=O)N[C@@H](CS)C(=O)O)C(C)C,inactive,702.7840000000002,-1.912799999999993,9.0,10.0,3.0
CHEMBL1790302,CC[C@H](C)[C@H](NC(=O)[C@H](CC(=O)O)NC(=O)[C@H](CC(=O)O)NC(=O)CNC(=O)[C@H](C)NC(=O)[C@H](CCC(=O)O)NC(=O)CN)C(=O)N[C@H](C(=O)N1CCC[C@H]1C(=O)N[C@@H](CS)C(=O)O)C(C)C,inactive,975.0449999999997,-5.003500000000011,14.0,15.0,4.2839966563652006
CHEMBL2372769,CC[C@H](C)[C@H](NC(=O)[C@@H](CC(=O)O)NC(=O)[C@H](C)NC(C)=O)C(=O)N[C@H](C(=O)N1CCC[C@H]1C(=O)N[C@@H](CS)C(=O)O)C(C)C,inactive,658.7750000000003,-1.367599999999992,8.0,9.0,3.6989700043360187
CHEMBL1790283,CC[C@H](C)[C@H](NC(=O)[C@H](CC(=O)O)NC(=O)[C@H](CC(=O)O)NC(C)=O)C(=O)N[C@H](C(=O)N1CCC[C@H]1C(=O)N[C@@H](CCSC)C(=O)O)C(C)C,inactive,730.8380000000001,-1.0894999999999928,8.0,10.0,3.3010299956639813
CHEMBL1790296,CC[C@H](C)[C@H](NC(=O)[C@H](CC(=O)O)NC(=O)[C@H](CC(=O)O)NC(C)=O)C(=O)N[C@H](C(=O)N1CCC[C@H]1C(=O)N[C@@H](CN)C(=O)O)C(C)C,inactive,685.7320000000001,-2.8839000000000024,9.0,10.0,3.0
CHEMBL60795,O=C1C=C2C(=CCOC2OC(=O)c2ccc(Br)cc2)O1,active,337.125,2.3293,0.0,5.0,7.8996294548824375
CHEMBL61801,CC(=O)OC1OCC=C2OC(=O)C=C21,active,196.158,0.2728999999999999,0.0,5.0,8.142667503568731
CHEMBL294018,O=C1C=C2C(=CCOC2O)O1,active,154.12099999999998,-0.2979000000000001,1.0,4.0,8.42021640338319
CHEMBL3215349,O=C1OC[C@H]2O[C@@H](Oc3cc(O)c4c(c3)OC(c3ccccc3)CC4=O)[C@H](O)[C@@H](O)[C@@H]2OC(=O)c2cc(O)c(O)c(O)c2-c2c1cc(O)c(O)c2O,active,720.5920000000003,2.220800000000001,9.0,17.0,6.522878745280337
CHEMBL509123,O=C1OC[C@H]2O[C@@H](Oc3cc(O)c(C(=O)CCc4ccccc4)c(O)c3)[C@H](O)[C@@H](O)[C@@H]2OC(=O)c2cc(O)c(O)c(O)c2-c2c1cc(O)c(O)c2O,active,722.6080000000002,2.0354000000000014,10.0,17.0,6.096910013008056
CHEMBL1790303,CC[C@H](C)[C@H](NC(=O)[C@H](CC(=O)O)NC(=O)[C@@H](N)CC(=O)O)C(=O)N[C@H](C(=O)N1CCC[C@H]1C(=O)N[C@@H](CS)C(=O)O)C(C)C,inactive,660.7470000000003,-2.0901999999999923,9.0,10.0,4.1487416512809245
CHEMBL311252,CC(=O)N[C@@H](CC(=O)O)C(=O)N[C@H](CCC(=O)O)C(=O)N[C@H](C(=O)N[C@H](C(=O)N1C[C@H](OCc2cccc3ccccc23)C[C@H]1C(=O)NC1(C(=O)O)CC1)C(C)C)C1CCCCC1,active,878.9769999999996,1.5942000000000083,8.0,10.0,7.886056647693163
CHEMBL408020,CC(C)[C@H](NC(=O)[C@@H](NC(=O)CCCC(=O)O)C1CCCCC1)C(=O)N1C[C@H](OCc2cccc3ccccc23)C[C@H]1C(=O)NC1(C(=O)O)CC1,active,706.8370000000002,3.520100000000002,5.0,7.0,6.045757490560675
CHEMBL305491,CCC[C@H](NC(=O)[C@@H]1C[C@@H](OCc2ccc3ccccc3c2)CN1C(=O)[C@@H](NC(=O)[C@@H](NC(=O)[C@H](CC(=O)O)NC(=O)[C@H](CC(=O)O)NC(C)=O)[C@@H](C)CC)C(C)C)C(=O)O,active,854.955,1.306000000000007,8.0,10.0,6.1487416512809245
CHEMBL273360,CCC[C@H](NC(=O)[C@@H]1C[C@H](OCc2ccccc2)CN1C(=O)[C@@H](NC(=O)[C@@H](NC(=O)[C@H](CC(=O)O)NC(=O)[C@H](CC(=O)O)NC(C)=O)[C@@H](C)CC)C(C)C)C(=O)O,inactive,804.8950000000001,0.15280000000000976,8.0,10.0,3.6861327796308467
CHEMBL76181,CCC[C@H](NC(=O)[C@@H]1C[C@@H](CCc2ccccc2)CN1C(=O)[C@@H](NC(=O)[C@@H](NC(=O)[C@H](CC(=O)O)NC(=O)[C@H](CC(=O)O)NC(C)=O)[C@@H](C)CC)C(C)C)C(=O)O,inactive,802.923,0.8164000000000089,8.0,9.0,5.0
CHEMBL306026,CCC[C@H](NC(=O)[C@@H]1C[C@@H](O)CN1C(=O)[C@@H](NC(=O)[C@@H](NC(=O)[C@H](CC(=O)O)NC(=O)[C@H](CC(=O)O)NC(C)=O)[C@@H](C)CC)C(C)C)C(=O)O,inactive,714.7700000000001,-2.0716999999999937,9.0,10.0,4.031517051446065
CHEMBL307012,CC[C@H](C)[C@H](NC(=O)[C@H](CC(=O)O)NC(=O)[C@H](CC(=O)O)NC(C)=O)C(=O)N[C@H](C(=O)N1CCC[C@H]1C(=O)NC1(C(=O)O)CC1)C(C)C,inactive,682.7280000000001,-1.678599999999993,8.0,9.0,4.267606240177032
CHEMBL432156,CCC[C@H](NC(=O)[C@@H]1C[C@@H](OCc2ccc3ccccc3c2)CN1C(=O)[C@@H](NC(=O)[C@@H](NC(=O)[C@@H](CCC(=O)O)NC(=O)[C@H](CC(=O)O)NC(C)=O)C1CCCCC1)C(C)C)C(=O)O,active,895.0199999999999,2.230300000000007,8.0,10.0,7.568636235841013
CHEMBL72695,CCC[C@H](NC(=O)[C@@H]1CCCN1C(=O)[C@@H](NC(=O)[C@@H](NC(=O)[C@H](CC(=O)O)NC(=O)[C@H](CC(=O)O)NC(C)=O)[C@@H](C)CC)C(C)C)C(=O)O,inactive,698.7710000000001,-1.0424999999999902,8.0,9.0,3.8239087409443187
CHEMBL306027,CCC[C@H](NC(=O)[C@@H]1CCCN1C(=O)[C@@H](NC(=O)[C@@H](NC(=O)[C@@H](CC(=O)O)NC(=O)[C@H](CC(=O)O)NC(C)=O)[C@@H](C)CC)C(C)C)C(=O)O,inactive,698.7710000000001,-1.0424999999999902,8.0,9.0,4.769551078621726
CHEMBL310738,CCC[C@H](NC(=O)[C@@H]1CCCN1C(=O)[C@@H](NC(=O)[C@@H](NC(=O)[C@@H](CC(=O)O)NC(=O)[C@H](CC(=O)O)NC(C)=O)[C@@H](C)CC)C(C)C)C(=O)C(F)(F)F,inactive,750.7690000000001,0.0043000000000101846,7.0,9.0,4.657577319177793
CHEMBL307166,CCC[C@H](NC(=O)[C@@H]1C[C@@H](Cc2ccccc2)CN1C(=O)[C@@H](NC(=O)[C@@H](NC(=O)[C@H](CC(=O)O)NC(=O)[C@H](CC(=O)O)NC(C)=O)[C@@H](C)CC)C(C)C)C(=O)O,inactive,788.896,0.4263000000000087,8.0,9.0,4.221848749616356
CHEMBL73787,CCC[C@H](NC(=O)[C@@H]1C[C@@H](OCc2cccc3ccccc23)CN1C(=O)[C@@H](NC(=O)[C@@H](NC(=O)[C@H](CC(=O)O)NC(=O)[C@H](CC(=O)O)NC(C)=O)[C@@H](C)CC)C(C)C)C(=O)O,active,854.955,1.306000000000007,8.0,10.0,6.4089353929735005
CHEMBL176355,CCOC(=O)CN1C(=O)/C(=C(\C)c2cccc(OC(=O)N[C@@H](CC(C)C)C(=O)N(CCN(Cc3ccc(C(=O)OC)cc3)Cc3ccc(C(=O)OC)cc3)Cc3ccc(Cl)cc3)c2)SC1=S,inactive,957.5680000000001,8.301900000000009,1.0,13.0,4.795880017344075
CHEMBL173276,C=CCN1C(=O)/C(=C/c2cc3c(cc2[N+](=O)[O-])OCO3)SC1=S,inactive,350.37700000000007,2.710700000000001,0.0,7.0,4.3979400086720375
CHEMBL369617,CCOC(=O)CN1C(=O)/C(=C(\C)c2cccc(NS(=O)(=O)c3ccc(-c4ccc(S(=O)(=O)NCCNC(=O)OC(C)(C)C)cc4)cc3)c2)SC1=S,inactive,774.9650000000001,5.111800000000003,3.0,11.0,4.823908740944319
CHEMBL369234,COC(=O)CN1C(=O)/C(=C/c2cc3c(cc2[N+](=O)[O-])OCO3)SC1=S,inactive,382.37500000000017,1.6977,0.0,9.0,4.1487416512809245
CHEMBL366853,O=C(O)CN1C(=O)/C(=C/c2cc([N+](=O)[O-])ccc2F)SC1=S,inactive,342.329,2.0197000000000003,1.0,6.0,4.1938200260161125
CHEMBL425679,C/C(=C1/SC(=S)N(CC(=O)O)C1=O)c1ccc(-c2ccccc2)cc1,inactive,369.46700000000004,4.029500000000002,1.0,4.0,4.698970004336019
CHEMBL443475,C=CC[C@H](NC(=O)[C@@H]1C[C@@H](CCCc2cccc3ccccc23)c2c(Cl)nc(NCc3cccc([N+](=O)[O-])c3)c(=O)n21)B1OC2CC3CC(C3(C)C)[C@@]2(C)O1,active,764.1319999999998,7.949900000000009,2.0,9.0,7.3979400086720375
CHEMBL407896,C=CC[C@H](NC(=O)[C@@H]1C[C@@H](CCCc2cccc3ccccc23)c2c(Cl)nc(NCC(C)C)c(=O)n21)B1OC2CC3CC(C3(C)C)[C@@]2(C)O1,active,685.1179999999999,7.4975000000000085,2.0,7.0,6.769551078621726
CHEMBL16104,C=CC[C@H](NC(=O)[C@@H]1C[C@@H](CCCc2cccc3ccccc23)c2c(Cl)nc(NCc3ccccc3)c(=O)n21)B1OC2CC3CC(C3(C)C)[C@@]2(C)O1,active,719.1349999999999,8.04170000000001,2.0,7.0,6.619788758288394
CHEMBL15861,C=CC[C@H](NC(=O)[C@@H]1C[C@@H](Cc2ccc(OC)cc2)c2c(Cl)nc(NCc3cccc(C(F)(F)F)c3)c(=O)n21)B1OC2CC3CC(C3(C)C)[C@@]2(C)O1,active,739.0439999999999,7.135700000000007,2.0,8.0,7.301029995663981
CHEMBL277953,C=CC[C@H](NC(=O)[C@@H]1C[C@@H](Cc2cccc(C)c2)c2c(Cl)nc(NCc3cccc(C(F)(F)F)c3)c(=O)n21)B1OC2CC3CC(C3(C)C)[C@@]2(C)O1,active,723.0449999999998,7.4355200000000075,2.0,7.0,6.3979400086720375
CHEMBL416351,C=CC[C@H](NC(=O)[C@@H]1C[C@@H](CCCc2cccc3ccccc23)c2c(Cl)nc(NC)c(=O)n21)B1OC2CC3CC(C3(C)C)[C@@]2(C)O1,active,643.0369999999999,6.471300000000007,2.0,7.0,6.494850021680094
CHEMBL429777,C=CC[C@H](NC(=O)[C@@H]1C[C@@H](CCCc2cccc3ccccc23)c2c(Cl)nc(NCC)c(=O)n21)B1OC2CC3CC(C3(C)C)[C@@]2(C)O1,active,657.064,6.861400000000008,2.0,7.0,6.638272163982407
CHEMBL16670,C=CC[C@H](NC(=O)[C@@H]1C[C@@H](CCCc2cccc3ccccc23)c2c(Cl)nc(NCC3CCCCC3)c(=O)n21)B1OC2CC3CC(C3(C)C)[C@@]2(C)O1,active,725.183,8.421800000000006,2.0,7.0,6.698970004336019
CHEMBL414202,C=CC[C@H](NC(=O)[C@@H]1C[C@@H](CCCc2cccc3ccccc23)c2c(Cl)nc(NCc3cccc(OC)c3)c(=O)n21)B1OC2CC3CC(C3(C)C)[C@@]2(C)O1,active,749.1609999999998,8.050300000000009,2.0,8.0,7.221848749616356
CHEMBL274985,C=CC[C@H](NC(=O)[C@@H]1C[C@@H](CCCc2cccc3ccccc23)c2c(Cl)nc(N)c(=O)n21)B1OC2CC3CC(C3(C)C)[C@@]2(C)O1,active,629.01,6.011800000000006,2.0,7.0,6.721246399047171
CHEMBL428527,C=CC[C@H](NC(=O)[C@@H]1C[C@@H](CCCc2cccc3ccccc23)c2c(Cl)nc(NCc3cccc(F)c3)c(=O)n21)B1OC2CC3CC(C3(C)C)[C@@]2(C)O1,active,737.1249999999999,8.180800000000009,2.0,7.0,7.221848749616356
CHEMBL276280,CC[C@H](NC(=O)[C@@H]1C[C@@H](CCCc2ccc3ccccc3c2)c2c(Cl)nc(NCc3cccc(C(F)(F)F)c3)c(=O)n21)B1OC2CC3CC(C3(C)C)[C@@]2(C)O1,active,775.121,8.894400000000003,2.0,7.0,7.698970004336019
CHEMBL409558,C=CC[C@H](NC(=O)[C@@H]1C[C@@H](Cc2cccc(OC)c2)c2c(Cl)nc(NCc3cccc(C(F)(F)F)c3)c(=O)n21)B1OC2CC3CC(C3(C)C)[C@@]2(C)O1,active,739.0439999999999,7.135700000000007,2.0,8.0,6.585026652029182
CHEMBL280301,C=CC[C@H](NC(=O)[C@@H]1C[C@@H](CCCc2cccc3ccccc23)c2c(Cl)nc(NCCC)c(=O)n21)B1OC2CC3CC(C3(C)C)[C@@]2(C)O1,active,671.0909999999999,7.251500000000008,2.0,7.0,6.7447274948966935
CHEMBL278637,C=CC[C@H](NC(=O)[C@@H]1C[C@@H](Cc2ccc(C)cc2)c2c(Cl)nc(NCc3cccc(C(F)(F)F)c3)c(=O)n21)B1OC2CC3CC(C3(C)C)[C@@]2(C)O1,active,723.0449999999998,7.4355200000000075,2.0,7.0,7.221848749616356
CHEMBL278479,C=CC[C@H](NC(=O)[C@@H]1C[C@@H](CCCc2cccc3ccccc23)c2c(Cl)nc(NCCCC)c(=O)n21)B1OC2CC3CC(C3(C)C)[C@@]2(C)O1,active,685.1179999999999,7.641600000000008,2.0,7.0,6.795880017344075
CHEMBL278400,C=CC[C@H](NC(=O)[C@@H]1C[C@H](CCCc2ccc3ccccc3c2)c2c(Cl)nc(NCc3cccc(C(F)(F)F)c3)c(=O)n21)B1OC2CC3CC(C3(C)C)[C@@]2(C)O1,active,787.132,9.060500000000003,2.0,7.0,6.292429823902063
CHEMBL278710,C=CC[C@H](NC(=O)[C@@H]1C[C@@H](CCCc2cccc3ccccc23)c2c(Cl)nc(NCc3cccc(C(F)(F)F)c3)c(=O)n21)B1OC2CC3CC(C3(C)C)[C@@]2(C)O1,active,787.132,9.060500000000003,2.0,7.0,8.698970004336019
CHEMBL15823,C=CC[C@H](NC(=O)[C@@H]1C[C@@H](Cc2ccc(-c3ccccc3)cc2)c2c(Cl)nc(NCc3cccc(C(F)(F)F)c3)c(=O)n21)B1OC2CC3CC(C3(C)C)[C@@]2(C)O1,active,785.116,8.794100000000004,2.0,7.0,8.221848749616356
CHEMBL277838,C=CC[C@H](NC(=O)[C@@H]1C[C@@H](CCCc2cccc3ccccc23)c2c(Cl)nc(NCc3ccccn3)c(=O)n21)B1OC2CC3CC(C3(C)C)[C@@]2(C)O1,active,720.1229999999998,7.436700000000008,2.0,8.0,7.045757490560675
CHEMBL15786,C=CC[C@H](NC(=O)[C@@H]1C[C@@H](Cc2ccccc2)c2c(Cl)nc(NCc3cccc(C(F)(F)F)c3)c(=O)n21)B1OC2CC3CC(C3(C)C)[C@@]2(C)O1,active,709.0179999999998,7.127100000000007,2.0,7.0,6.585026652029182
CHEMBL276504,C=CC[C@H](NC(=O)[C@@H]1C[C@@H](CCCc2ccc3ccccc3c2)c2c(Cl)nc(NCc3cccc(C(F)(F)F)c3)c(=O)n21)B1OC2CC3CC(C3(C)C)[C@@]2(C)O1,active,787.132,9.060500000000003,2.0,7.0,7.698970004336019
CHEMBL279813,C=CC[C@H](NC(=O)[C@@H]1C[C@@H](CCCc2ccccc2)c2c(Cl)nc(NCc3cccc(C(F)(F)F)c3)c(=O)n21)B1OC2CC3CC(C3(C)C)[C@@]2(C)O1,active,737.0719999999999,7.907300000000008,2.0,7.0,7.221848749616356
CHEMBL15867,C=CC[C@H](NC(=O)[C@@H]1C[C@@H](CCCc2cccc3ccccc23)c2c(Cl)nc(NCc3ccc(O)c(O)c3)c(=O)n21)B1OC2CC3CC(C3(C)C)[C@@]2(C)O1,active,751.1329999999999,7.452900000000009,4.0,9.0,6.958607314841775
CHEMBL77664,Cn1c(Cc2nc3cc(C(N)=O)ccc3[nH]2)nc2ccc(C(=O)Nc3cc(C(=O)O)cc(C(=O)NC(CC(=O)O)C(=O)O)c3)cc21,active,627.5700000000004,1.7475000000000007,7.0,9.0,6.0
CHEMBL312140,Cn1c(Cc2nc3cc(C(N)=O)ccc3[nH]2)nc2ccc(C(=O)NC(Cc3ccc(OCC(=O)O)cc3)C(=O)O)cc21,active,570.5620000000004,2.0283999999999995,5.0,8.0,6.0
CHEMBL312220,Cn1c(Cc2nc3cc(C(N)=O)ccc3[nH]2)nc2ccc(C(=O)NC(Cc3cccc(C(=O)O)c3)C(=O)O)cc21,inactive,540.5360000000003,2.2631999999999994,5.0,7.0,4.6020599913279625
CHEMBL310429,COC(=O)c1ccccc1S(=O)(=O)NC(=O)CC[C@H](NC(=O)c1ccc2nc(Cc3nc4cc(C(N)=O)ccc4[nH]3)n(C)c2c1)C(=O)OCc1ccccc1,inactive,765.8050000000001,3.0530000000000017,4.0,12.0,4.5376020021010435
CHEMBL75799,Cn1c(Cc2nc3cc(C(N)=O)ccc3[nH]2)nc2ccc(C(=O)Nc3ccc(C(=O)NC(CCC(=O)O)C(=O)O)cc3)cc21,inactive,597.5880000000003,2.4394,6.0,8.0,4.769551078621726
CHEMBL80922,Cn1c(Cc2nc3cc(C(N)=O)ccc3[nH]2)nc2ccc(C(=O)NC(CCP(=O)(O)O)C(=O)O)cc21,active,514.4350000000002,0.8900999999999992,6.0,7.0,6.060480747381382
CHEMBL306989,Cn1c(Cc2nc3cc(C(N)=O)ccc3[nH]2)nc2ccc(C(=O)NC(CCCCCP(=O)(O)O)C(=O)O)cc21,active,556.5160000000003,2.0603999999999996,6.0,7.0,6.292429823902063
CHEMBL310787,COC(=O)c1ccccc1S(=O)(=O)NC(=O)CC(NC(=O)c1ccc2nc(Cc3nc4ccccc4[nH]3)n(C)c2c1)C(=O)O,inactive,618.6280000000002,1.9051999999999993,4.0,10.0,4.958607314841775
CHEMBL306151,Cn1c(Cc2nc3cc(C(N)=O)ccc3[nH]2)nc2ccc(C(=O)NCCc3ccc(OCC(=O)O)cc3)cc21,inactive,526.5530000000003,2.575199999999999,4.0,7.0,4.795880017344075
CHEMBL76021,Cn1c(Cc2nc3cc(C(N)=O)ccc3[nH]2)nc2ccc(C(=O)Nc3cccc(C(=O)NCCCC(=O)O)c3)cc21,inactive,553.5790000000003,2.9862,5.0,7.0,4.366531544420414
CHEMBL309915,COC(=O)c1ccccc1S(=O)(=O)NC(=O)C[C@H](NC(=O)c1ccc2nc(Cc3nc4cc(C(N)=O)ccc4[nH]3)n(C)c2c1)C(=O)OCc1ccccc1,inactive,751.7780000000001,2.6629000000000023,4.0,12.0,4.431798275933005
CHEMBL309006,Cn1c(Cc2nc3cc(C(N)=O)ccc3[nH]2)nc2ccc(C(=O)NC(CCCP(=O)(O)O)C(=O)O)cc21,active,528.4620000000002,1.2801999999999991,6.0,7.0,6.086186147616283
CHEMBL421708,Cn1c(Cc2nc3cc(C(N)=O)ccc3[nH]2)nc2ccc(C(=O)NC(CP(=O)(O)O)C(=O)O)cc21,active,500.4080000000002,0.5000000000000002,6.0,7.0,6.698970004336019
CHEMBL421708,Cn1c(Cc2nc3cc(C(N)=O)ccc3[nH]2)nc2ccc(C(=O)NC(CP(=O)(O)O)C(=O)O)cc21,inactive,500.4080000000002,0.5000000000000002,6.0,7.0,3.7772835288524167
CHEMBL76142,Cn1c(Cc2nc3ccccc3[nH]2)nc2ccc(C(=O)NCCc3ccc(OCC(=O)NS(=O)(=O)c4ccccc4)cc3)cc21,inactive,622.7070000000003,3.8968000000000025,3.0,8.0,4.920818753952375
CHEMBL80838,Cn1c(Cc2nc3cc(C(N)=O)ccc3[nH]2)nc2ccc(C(=O)NC(Cc3cc(OCC(=O)O)ccc3C(=O)O)C(=O)O)cc21,inactive,614.5710000000004,1.7266000000000001,6.0,9.0,4.920818753952375
CHEMBL326207,Cc1ccc(CC[C@H](NC(=O)[C@H]2CCCN2C(=O)[C@@H](NC(=O)[C@@H](NC(=O)[C@H](CCC(=O)O)NC(=O)[C@@H](N)CC(=O)O)C(C)C)C(C)C)B2O[C@@H]3C[C@@H]4C[C@@H](C4(C)C)[C@]3(C)O2)c(C)c1,active,880.8899999999998,2.412540000000009,7.0,10.0,6.275724130399211
CHEMBL109592,Cc1ccccc1CC[C@H](NC(=O)[C@H]1CCCN1C(=O)[C@@H](NC(=O)[C@@H](NC(=O)[C@H](CCC(=O)O)NC(=O)[C@@H](N)CC(=O)O)C(C)C)C(C)C)B1O[C@@H]2C[C@@H]3C[C@@H](C3(C)C)[C@]2(C)O1,active,866.8629999999998,2.104120000000007,7.0,10.0,6.086186147616283
CHEMBL278908,CC(C)[C@H](NC(=O)[C@H](CCC(=O)O)NC(=O)[C@@H](N)CC(=O)O)C(=O)N[C@H](C(=O)N1CCC[C@@H]1C(=O)N[C@@H](CCc1cc(F)ccc1F)B1O[C@@H]2C[C@@H]3C[C@@H](C3(C)C)[C@]2(C)O1)C(C)C,active,888.8159999999999,2.073900000000009,7.0,10.0,6.031517051446065
CHEMBL325081,Cc1ccc(C)c(CC[C@H](NC(=O)[C@H]2CCCN2C(=O)[C@@H](NC(=O)[C@@H](NC(=O)[C@H](CCC(=O)O)NC(=O)[C@@H](N)CC(=O)O)C(C)C)C(C)C)B2O[C@@H]3C[C@@H]4C[C@@H](C4(C)C)[C@]3(C)O2)c1,active,880.8899999999999,2.412540000000008,7.0,10.0,6.0
CHEMBL175190,C=C[C@@H]1C[C@]1(NC(=O)[C@@H]1C[C@@H](Oc2ccnc3ccccc23)CN1C(=O)[C@@H](NC(=O)[C@@H](NC(C)=O)C1CCCCC1)C(C)C)C(=O)O,active,647.773,2.9544000000000006,4.0,7.0,6.958607314841775
CHEMBL84319,C=C[C@@H]1C[C@]1(NC(=O)[C@@H]1C[C@@H](Oc2cc(-c3ccccc3)nc3ccccc23)CN1C(=O)[C@@H](NC(=O)[C@@H](NC(C)=O)C1CCCCC1)C(C)C)C(=O)O,active,723.8709999999999,4.621400000000003,4.0,7.0,7.886056647693163
CHEMBL177169,CC(=O)N[C@H](C(=O)N[C@H](C(=O)N1C[C@H](Oc2cccc(Br)c2)C[C@H]1C(=O)NC1(C(=O)O)CC1)C(C)C)C1CCCCC1,inactive,649.5829999999997,2.7566000000000006,4.0,6.0,4.2839966563652006
CHEMBL367655,CC(=O)N[C@H](C(=O)N[C@H](C(=O)N1C[C@H](Oc2ccnc3ccccc23)C[C@H]1C(=O)NC1(C(=O)O)CC1)C(C)C)C1CCCCC1,inactive,621.7349999999999,2.542300000000002,4.0,7.0,4.657577319177793
CHEMBL82642,CC(=O)N[C@H](C(=O)N[C@H](C(=O)N1C[C@H](Oc2cc(-c3ccccc3)nc3ccccc23)C[C@H]1C(=O)NC1(C(=O)O)CC1)C(C)C)C1CCCCC1,active,697.8329999999997,4.2093000000000025,4.0,7.0,6.431798275933005
CHEMBL368579,C=C[C@@H]1C[C@]1(NC(=O)[C@@H]1C[C@@H](Oc2cccc(-c3ccccc3)c2)CN1C(=O)[C@@H](NC(=O)[C@@H](NC(C)=O)C1CCCCC1)C(C)C)C(=O)O,active,672.8229999999999,4.073200000000002,4.0,6.0,6.920818753952375
CHEMBL75558,CC(=O)N[C@H](C(=O)N[C@H](C(=O)N1C[C@H](OCc2cccc3ccccc23)C[C@H]1C(=O)NC1(C(=O)O)CC1)C(C)C)C1CCCCC1,active,634.7739999999999,3.2851000000000026,4.0,6.0,6.4089353929735005
CHEMBL75558,CC(=O)N[C@H](C(=O)N[C@H](C(=O)N1C[C@H](OCc2cccc3ccccc23)C[C@H]1C(=O)NC1(C(=O)O)CC1)C(C)C)C1CCCCC1,inactive,634.7739999999999,3.2851000000000026,4.0,6.0,4.267606240177032
CHEMBL323107,COc1ccc2c(O[C@@H]3C[C@@H](C(=O)NC(CC(F)F)C(=O)NCCc4ccc(C(=O)O)cc4)N(C(=O)[C@@H](O)C(C)C)C3)cc(-c3ccccc3)nc2c1,inactive,732.7810000000002,4.472700000000002,4.0,8.0,4.958607314841775
CHEMBL330117,C=CC1C[C@]1(NC(=O)C1C[C@@H](Oc2ccnc3ccccc23)CN1C(=O)[C@@H](NC(=O)OC(C)(C)C)C(C)(C)C)C(=O)O,active,580.6820000000004,3.668000000000002,3.0,7.0,6.481486060122113
CHEMBL330117,C=CC1C[C@]1(NC(=O)C1C[C@@H](Oc2ccnc3ccccc23)CN1C(=O)[C@@H](NC(=O)OC(C)(C)C)C(C)(C)C)C(=O)O,active,580.6820000000004,3.668000000000002,3.0,7.0,6.301029995663981
CHEMBL347708,CCCC[C@H](NC(=O)[C@H](Cc1ccsc1)NC(=O)[C@@H](NC(=O)[C@H](Cc1ccccc1C)NC(=O)[C@H](CCC(=O)O)NC(=O)[C@H](CC(=O)O)NC(=O)CCC(=O)O)C(C)(C)C)C(=O)C(N)=O,active,930.0469999999999,0.24552000000000873,10.0,12.0,6.886056647693163
CHEMBL405678,CCCC[C@H](NC(=O)[C@H](CC(C)C)NC(=O)[C@@H](NC(=O)[C@H](Cc1ccc(OCc2ccccc2)cc1)NC(=O)[C@H](CCC(=O)O)NC(=O)[C@H](CC(=O)O)NC(=O)CCC(=O)O)C(C)(C)C)C(=O)C(N)=O,active,982.0979999999998,1.2580000000000107,10.0,12.0,6.958607314841775
CHEMBL317487,COc1ccc2c(O[C@@H]3C[C@@H](C(=O)NC(CC(F)F)C(=O)NCCc4c(F)cc(C(=O)O)cc4F)N(C(=O)[C@@H](NC(=O)OC(C)(C)C)C(C)(C)C)C3)cc(-c3ccccc3)nc2c1,active,881.9209999999998,6.673400000000006,4.0,9.0,7.267606240177032
CHEMBL328782,COc1ccc2c(O[C@@H]3C[C@@H](C(=O)NC(CC(F)F)C(=O)NCCc4c(F)cc(C(=O)O)cc4F)N(C(C)=O)C3)cc(-c3ccccc3)nc2c1,inactive,710.681,4.753900000000003,3.0,7.0,1.4185054577091007
CHEMBL93512,C=CC1C[C@]1(NC(=O)C1C[C@@H](Oc2cc(-c3ccccc3)nc3cc(OC)ccc23)CN1C(=O)[C@@H](NC(=O)OC(C)(C)C)C(C)(C)C)C(=O)O,active,686.806,5.343600000000005,3.0,8.0,7.6020599913279625
CHEMBL347015,CCCC[C@H](NC(=O)[C@H](CC(C)C)NC(=O)[C@@H](NC(=O)[C@H](Cc1ccccc1C)NC(=O)[C@H](COCc1ccccc1)NC(=O)[C@H](CC(=O)O)NC(=O)CCC(=O)O)C(C)(C)C)C(=O)C(N)=O,active,938.0889999999999,1.339420000000012,9.0,11.0,7.5376020021010435
CHEMBL216441,CCCC[C@H](NC(=O)[C@H](CC(C)C)NC(=O)[C@@H](NC(=O)[C@H](Cc1ccccc1C)NC(=O)[C@H](CCC(=O)O)NC(=O)[C@H](CC(=O)O)NC(=O)CCC(=O)O)C(C)(C)C)C(=O)C(=O)N[C@@H](CC)c1ccccc1,active,1008.18,2.7696200000000104,10.0,11.0,7.958607314841775
CHEMBL421380,COc1ccc2c(O[C@@H]3C[C@@H](C(=O)NC(CC(F)F)C(=O)NCCc4ccc(C(=O)O)cc4)N(C(=O)[C@@H](NC(=O)OCC(C)C)C(C)C)C3)cc(-c3ccccc3)nc2c1,active,831.914,5.862600000000005,4.0,9.0,6.3979400086720375
CHEMBL435436,CCCC[C@H](NC(=O)[C@H](CC(C)C)NC(=O)[C@@H](NC(=O)[C@H](Cc1ccccc1C)NC(=O)[C@H](CCC(=O)O)NC(=O)[C@H](CC(=O)O)NC(=O)Cc1ccc2ccccc2c1)C(C)(C)C)C(=O)C(N)=O,active,958.1229999999999,2.5185200000000094,9.0,10.0,7.045757490560675
CHEMBL348546,CCCC[C@H](NC(=O)[C@H](CC(C)C)NC(=O)[C@@H](NC(=O)[C@H](Cc1ccccc1C)NC(=O)[C@@H](NC(=O)[C@H](CC(=O)O)NC(=O)CCC(=O)O)C(C)C)C(C)(C)C)C(=O)C(N)=O,active,860.0189999999999,0.7786200000000096,9.0,10.0,7.698970004336019
CHEMBL351341,CCCC[C@H](NC(=O)[C@H](CC(C)C)NC(=O)[C@@H](NC(=O)[C@H](Cc1ccccc1C)NC(=O)[C@H](CCC(=O)O)NC(=O)[C@H](CC(=O)O)NC(=O)CCC(=O)O)c1ccccc1)C(=O)C(N)=O,active,909.9910000000001,0.3140200000000125,10.0,11.0,7.376750709602099
CHEMBL94003,COc1ccc2c(O[C@@H]3CC(C(=O)NC(CC(F)F)C(=O)O)N(C(=O)[C@@H](NC(=O)OC(C)(C)C)C(C)(C)C)C3)cc(-c3ccccc3)nc2c1,active,698.764,5.422700000000005,3.0,8.0,6.7447274948966935
CHEMBL349586,CCCC[C@H](NC(=O)[C@H](CC(C)C)NC(=O)[C@@H](NC(=O)[C@H](Cc1ccccc1C)NC(=O)[C@H](CCC(=O)O)NC(=O)[C@H](Cc1c[nH]c2ccccc12)NC(=O)CCC(=O)O)C(C)(C)C)C(=O)C(N)=O,active,961.1269999999998,2.23672000000001,10.0,10.0,7.3872161432802645
CHEMBL2371716,CCC(C)[C@H](NC(=O)[C@H](CC(=O)O)NC(=O)[C@H](CC(=O)O)NC(C)=O)C(=O)N[C@H](C(=O)N1CCC[C@@H]1C(=O)N[C@@H](CS)C(=O)O)C(C)C,inactive,702.7840000000002,-1.912799999999993,9.0,10.0,4.1487416512809245
CHEMBL2371721,CC(=O)N[C@@H](CC(=O)O)C(=O)N[C@@H](CCC(=O)O)C(=O)N[C@@H](CC1CCCCC1)C(=O)N[C@H](C(=O)N1C[C@H](OCc2ccccc2)C[C@H]1C(=O)N[C@@H](CS)C(=O)O)C(C)C,active,863.0000000000001,0.59690000000001,9.0,11.0,7.481486060122112
CHEMBL360983,CC(=O)N[C@@H](CC(=O)O)C(=O)N[C@@H](CCC(=O)O)C(=O)N[C@@H](CC1CCCCC1)C(=O)N[C@H](C(=O)N1C[C@@H](OCc2ccccc2)C[C@H]1C(=O)NC1(C(=O)O)CC1)C(C)C,active,842.944,0.8311000000000102,8.0,10.0,7.292429823902063
CHEMBL2371300,CC[C@H](C)[C@H](NC(=O)OC(C)(C)C)C(=O)N[C@@H](CC(C)C)C(=O)N[C@@H](CC(F)F)C(=O)C(=O)O,active,493.54800000000023,2.2504,4.0,6.0,6.0
CHEMBL175948,C=C[C@H]1C[C@]1(NC(=O)[C@@H]1C[C@@H](Oc2cc(-c3ccccc3)nc3ccccc23)CN1C(=O)[C@@H](NC(=O)[C@@H](NC(C)=O)C1CCCCC1)C(C)C)C(=O)O,active,723.8709999999999,4.621400000000003,4.0,7.0,7.886056647693163
CHEMBL386885,CCCC[C@H](NC(=O)[C@H]1Cc2ccccc2CN1C(=O)[C@H](CS)NC(=O)[C@H](CC(C)C)NC(=O)[C@@H](NC(=O)[C@@H](NC(=O)[C@H](CCC(=O)O)NC(=O)[C@H](CCC(=O)O)NC(C)=O)C(C)C)C(C)C)C(=O)N[C@@H](CO)C(=O)N[C@@H](Cc1ccc(O)cc1)C(N)=O,active,1254.4720000000002,-1.0434000000000159,15.0,16.0,6.0
CHEMBL1791289,CCCC[C@H](NC(=O)[C@H]1Cc2ccccc2CN1C(=O)[C@H](CS)NC(=O)[C@H](CC1CCCCC1)NC(=O)[C@@H](NC(=O)[C@@H](NC(=O)[C@H](CCC(=O)O)NC(=O)[C@H](CC(=O)O)NC(C)=O)C(c1ccccc1)c1ccccc1)[C@H](C)CC)C(=O)N[C@@H](CO)C(=O)N[C@@H](Cc1ccc(O)cc1)C(N)=O,active,1418.6790000000005,2.0569999999999973,15.0,16.0,7.0
CHEMBL175971,CC(C)C[C@H](NC(=O)[C@H](CC(=O)O)NC(=O)[C@H](CC1CCCCC1)NC(=O)[C@@H]1CCCC[C@H]1C(=O)O)C(N)=O,inactive,552.6690000000003,1.3083000000000018,6.0,6.0,4.823908740944319
CHEMBL414693,CC[C@H](C)[C@H](NC(=O)[C@H](CCCN=C(N)N)NC(=O)CNC(=O)[C@@H](NC(=O)[C@@H](NC(=O)[C@@H](NC(=O)[C@@H](NC(=O)[C@H](CS)NC(=O)CCCCCNC(=O)CCCCCNC(=O)[C@H](CS)NC(=O)[C@H](CS)NC(=O)[C@@H](NC(=O)[C@@H](NC(=O)[C@H](CC(=O)O)NC(=O)[C@@H](N)CCC(=O)O)C(C)C)C(C)C)C(C)C)C(C)C)[C@@H](C)CC)C(C)C)C(=O)N[C@H](C(=O)N[C@@H](CC(C)C)C(=O)N[C@@H](CO)C(=O)NCC(=O)N[C@@H](CCCCN)C(=O)O)C(C)C,active,2217.799999999998,-4.881199999999913,31.0,30.0,6.221848749616356
CHEMBL428797,CC[C@H](C)[C@@H](NC(=O)[C@H](NC(=O)[C@@H](CC(C)C)NC(=O)[C@@H](CO)NC(=O)CNC(=O)[C@H](CCCCN)NC(=O)CCCCCNC(=O)CCCCCNC(=O)[C@H](CS)NC(=O)[C@H](CS)NC(=O)[C@@H](NC(=O)[C@@H](NC(=O)[C@H](CC(=O)O)NC(=O)[C@@H](N)CCC(=O)O)C(C)C)C(C)C)C(C)C)C(=O)N[C@H](CCCN=C(N)N)C(=O)NCC(=O)N[C@@H](C(=O)N[C@@H](C(=O)N[C@@H](C(=O)N[C@@H](C(=O)N[C@H](CS)C(=O)O)C(C)C)C(C)C)[C@@H](C)CC)C(C)C,active,2217.799999999999,-4.881199999999918,31.0,30.0,6.698970004336019
CHEMBL413195,CC[C@H](C)[C@H](NC(=O)CNC(=O)[C@H](CCCN=C(N)N)NC(=O)[C@@H](NC(=O)[C@@H](NC(=O)[C@H](CC(C)C)NC(=O)[C@H](CO)NC(=O)CNC(=O)[C@H](CCCCN)NC(=O)CCCCCNC(=O)[C@H](CS)NC(=O)[C@H](CS)NC(=O)[C@@H](NC(=O)[C@@H](NC(=O)[C@H](CCC(=O)O)NC(=O)[C@@H](N)CC(=O)O)C(C)C)C(C)C)C(C)C)[C@@H](C)CC)C(=O)N[C@H](C(=O)N[C@H](C(=O)N[C@@H](CS)C(=O)N[C@@H](CCCCN)C(=O)O)C(C)C)C(C)C,active,2133.681999999999,-6.084799999999914,31.0,30.0,6.698970004336019
CHEMBL367843,O=C1C=C2C(=CCOC2OC(=O)c2cccc(Br)c2)O1,inactive,337.125,2.3293,0.0,5.0,4.899629454882437
CHEMBL398463,NC(=O)c1ncn([C@@H]2O[C@H](COP(=O)(O)OP(=O)(O)OP(=O)(O)O)[C@@H](O)[C@H]2O)n1,inactive,484.14400000000006,-2.660500000000001,7.0,13.0,3.744727494896694
CHEMBL3306225,NC(=O)c1ncn([C@@H]2O[C@H](COP(=O)(O)OP(=O)(O)O)[C@@H](O)[C@H]2O)n1,inactive,404.165,-2.7775000000000003,6.0,11.0,3.6020599913279625
CHEMBL428647,CC(=O)O[C@H]1C(=O)[C@]2(C)[C@@H](O)C[C@H]3OC[C@@]3(OC(C)=O)[C@H]2[C@H](OC(=O)c2ccccc2)[C@]2(O)C[C@H](OC(=O)[C@H](O)[C@@H](NC(=O)c3ccccc3)c3ccccc3)C(C)=C1C2(C)C,active,853.9180000000001,3.735700000000003,4.0,14.0,6.0
CHEMBL177820,Brc1c(Br)c(Br)c2[nH]nnc2c1Br,inactive,434.71100000000007,4.0079,1.0,2.0,4.698970004336019
CHEMBL607670,Nc1nc(=O)c2c(ncn2C2O[C@H](CO)[C@@H](O)[C@H]2O)c(=O)[nH]1,inactive,311.254,-3.326499999999999,5.0,10.0,4.920818753952375
CHEMBL2368688,N=c1nc(N)c2ncn([C@H]3O[C@@H](COP(=O)(O)OP(=O)(O)OP(=O)([O-])O)[C@H](O)[C@@H]3O)c2c(N)n1.[Na+],active,571.205,-6.195329999999996,8.0,17.0,6.259637310505756
CHEMBL422,CN1CCN(CCCN2c3ccccc3Sc3ccc(C(F)(F)F)cc32)CC1,active,407.50500000000017,4.945600000000005,0.0,4.0,6.154901959985743
CHEMBL298210,O=C(CCCCC(=O)Nc1ccc(-c2nc3ccccc3[nH]2)cc1)Nc1ccc(-c2nc3ccccc3[nH]2)cc1,active,528.6160000000002,6.910800000000005,4.0,4.0,6.154901959985743
CHEMBL417,COc1cccc2c1C(=O)c1c(O)c3c(c(O)c1C2=O)C[C@@](O)(C(=O)CO)C[C@@H]3O[C@H]1C[C@H](N)[C@@H](O)[C@H](C)O1,active,543.5250000000003,0.0012999999999993017,6.0,12.0,6.1249387366083
CHEMBL504459,COC(=O)[C@@H]1c2cc3c(c(O)c2[C@@H](O[C@@H]2O[C@@H](C)[C@H](OC)[C@@](C)(OC)[C@H]2OC)C[C@]1(C)O)C(=O)c1c(O)cc2c(c1C3=O)O[C@@H]1O[C@@]2(C)[C@H](O)[C@@H](N(C)C)[C@@H]1O,active,787.8120000000004,1.1380000000000012,5.0,17.0,7.0
CHEMBL1159463,O=C(OC[C@H]1O[C@H](OC(=O)c2cc(O)c(O)c(O)c2)[C@H](OC(=O)c2cc(O)c(O)c(O)c2)[C@@H](OC(=O)c2cc(O)c(O)c(O)c2)[C@@H]1O)c1cc(O)c(O)c(O)c1,active,788.5760000000005,0.7046000000000006,13.0,22.0,6.1249387366083
CHEMBL430264,CC[C@H](NC(=O)[C@H](CC1CCCCC1)NC(=O)[C@@H](NC(=O)[C@H](CC(C)C)NC(=O)c1cnccn1)[C@@H](C)CC)C(=O)C(=O)NCC(=O)NS(C)(=O)=O,inactive,750.92,0.26310000000000705,6.0,11.0,4.6020599913279625
CHEMBL366037,CC[C@H](NC(=O)[C@H](CC1CCCCC1)NC(=O)[C@@H](NC(=O)[C@H](CC(C)C)NC(=O)c1cnccn1)[C@@H](C)CC)C(=O)C(=O)NCC(=O)NS(=O)(=O)C(F)(F)F,active,804.8900000000001,1.1531000000000062,6.0,11.0,6.327902142064283
CHEMBL187619,CC[C@H](NC(=O)[C@H](CC1CCCCC1)NC(=O)[C@@H](NC(=O)[C@H](CC(C)C)NC(=O)c1cnccn1)[C@@H](C)CC)C(=O)C(=O)NCC(=O)NS(=O)(=O)Cc1ccccc1,inactive,827.0179999999999,1.8335000000000066,6.0,11.0,4.920818753952375
CHEMBL187517,CC[C@H](NC(=O)[C@H](CC1CCCCC1)NC(=O)[C@@H](NC(=O)[C@H](CC(C)C)NC(=O)c1cnccn1)[C@@H](C)CC)C(=O)C(=O)NCC(=O)NS(=O)(=O)c1cccc(Cl)c1,active,847.4359999999999,2.345800000000005,6.0,11.0,6.6020599913279625
CHEMBL187493,CC[C@H](NC(=O)[C@H](CC1CCCCC1)NC(=O)[C@@H](NC(=O)[C@H](CC(C)C)NC(=O)c1cnccn1)[C@@H](C)CC)C(=O)C(=O)NCC(=O)NS(=O)(=O)c1cccc([N+](=O)[O-])c1,active,857.9879999999999,1.600600000000006,6.0,13.0,6.3872161432802645
CHEMBL363259,CC[C@H](NC(=O)[C@H](CC1CCCCC1)NC(=O)[C@@H](NC(=O)[C@H](CC(C)C)NC(=O)c1cnccn1)[C@@H](C)CC)C(=O)C(=O)NCC(=O)NS(=O)(=O)c1cccc(-c2ccccc2)c1,active,889.0889999999999,3.359400000000007,6.0,11.0,6.1938200260161125
CHEMBL364144,CC[C@H](NC(=O)[C@H](CC1CCCCC1)NC(=O)[C@@H](NC(=O)[C@H](CC(C)C)NC(=O)c1cnccn1)[C@@H](C)CC)C(=O)C(=O)NCC(=O)NS(=O)(=O)c1ccc([N+](=O)[O-])cc1,active,857.9879999999999,1.600600000000006,6.0,13.0,6.036212172654444
CHEMBL412198,CC[C@H](NC(=O)[C@H](CC1CCCCC1)NC(=O)[C@@H](NC(=O)[C@H](CC(C)C)NC(=O)c1cnccn1)[C@@H](C)CC)C(=O)C(=O)NCC(=O)NS(=O)(=O)c1cc(Cl)cc(S(=O)(=O)NC(=O)c2ccccc2)c1,active,1030.624,2.4645000000000072,7.0,14.0,6.920818753952375
CHEMBL187781,CC[C@H](NC(=O)[C@H](CC1CCCCC1)NC(=O)[C@@H](NC(=O)[C@H](CC(C)C)NC(=O)c1cnccn1)[C@@H](C)CC)C(=O)C(=O)NCC(=O)NS(=O)(=O)c1cc(Cl)cc(Cl)c1,active,881.8809999999999,2.9992000000000045,6.0,11.0,6.886056647693163
CHEMBL361930,CC[C@H](NC(=O)[C@H](CC1CCCCC1)NC(=O)[C@@H](NC(=O)[C@H](CC(C)C)NC(=O)c1cnccn1)[C@@H](C)CC)C(=O)C(=O)NCC(=O)NS(=O)(=O)c1cc(C(=O)O)ccc1Cl,active,891.4449999999999,2.0440000000000054,7.0,12.0,6.958607314841775
CHEMBL188450,CC[C@H](NC(=O)[C@H](CC1CCCCC1)NC(=O)[C@@H](NC(=O)[C@H](CC(C)C)NC(=O)c1cnccn1)[C@@H](C)CC)C(=O)C(=O)NCC(=O)NS(=O)(=O)c1nnc(NC(C)=O)s1,active,878.0479999999998,0.5023000000000081,7.0,15.0,6.6020599913279625
CHEMBL183074,CC[C@H](C)[C@H](NC(=O)[C@H](CC(C)C)NC(=O)c1cnccn1)C(=O)N[C@@H](CC1CCCCC1)C(=O)N[C@@H](CC(F)F)C(=O)C(=O)NCc1nn[nH]n1,active,733.8220000000001,1.1458000000000033,6.0,11.0,7.3979400086720375
CHEMBL188449,CC[C@H](C)[C@H](NC(=O)[C@H](CC(C)C)NC(=O)c1cnccn1)C(=O)N[C@@H](CC1CCCCC1)C(=O)N[C@@H](CC(F)F)C(=O)C(=O)NCC(=O)NS(=O)(=O)c1cccc(-c2ccccc2)c1,active,925.0690000000003,3.604600000000006,6.0,11.0,7.221848749616356
CHEMBL407699,CC[C@H](C)[C@H](NC(=O)[C@H](CC(C)C)NC(=O)c1cnccn1)C(=O)N[C@@H](CC1CCCCC1)C(=O)N[C@@H](CC(F)F)C(=O)C(=O)NCC(=O)NS(=O)(=O)c1cc(Cl)cc(S(=O)(=O)NC(=O)c2ccccc2)c1,active,1066.6040000000003,2.709700000000007,7.0,14.0,7.221848749616356
CHEMBL424999,CC[C@H](C)[C@H](NC(=O)[C@H](CC(C)C)NC(=O)c1cnccn1)C(=O)N[C@@H](CC1CCCCC1)C(=O)N[C@@H](CC(F)F)C(=O)C(=O)NCC(=O)NS(=O)(=O)c1cc(Cl)cc(S(N)(=O)=O)c1,active,962.4960000000002,1.2384000000000064,7.0,13.0,7.301029995663981
CHEMBL189038,CC[C@H](C)[C@H](NC(=O)[C@H](CC(C)C)NC(=O)c1cnccn1)C(=O)N[C@@H](CC1CCCCC1)C(=O)N[C@@H](CC(F)F)C(=O)C(=O)NCC(=O)NS(=O)(=O)c1nnc(NC(=O)c2ccc(Cl)cc2)s1,active,1010.5440000000001,2.694800000000005,7.0,15.0,7.698970004336019
CHEMBL188984,CCCCCC(=O)Nc1nnc(S(=O)(=O)NC(=O)CNC(=O)C(=O)[C@H](CC(F)F)NC(=O)[C@H](CC2CCCCC2)NC(=O)[C@@H](NC(=O)[C@H](CC(C)C)NC(=O)c2cnccn2)[C@@H](C)CC)s1,active,970.1359999999995,2.3079000000000063,7.0,15.0,7.698970004336019
CHEMBL275290,CC[C@H](C)[C@H](NC(=O)[C@H](CC(C)C)NC(=O)c1cnccn1)C(=O)N[C@@H](CC1CCCCC1)C(=O)N[C@@H](CC(F)F)C(=O)C(=O)NCC(=O)O,active,709.7920000000004,1.5171000000000034,6.0,9.0,7.221848749616356
CHEMBL13256,CC[C@H](NC(=O)[C@H](CC1CCCCC1)NC(=O)[C@@H](NC(=O)[C@H](CC(C)C)NC(=O)c1cnccn1)[C@@H](C)CC)C(=O)C(=O)NCC(=O)O,active,673.812,1.2719000000000047,6.0,9.0,6.638272163982407
CHEMBL185754,CC[C@H](NC(=O)[C@H](CC1CCCCC1)NC(=O)[C@@H](NC(=O)[C@H](CC(C)C)NC(=O)c1cnccn1)[C@@H](C)CC)C(=O)C(=O)NCS(=O)(=O)O,active,709.8670000000001,1.032600000000005,6.0,10.0,6.657577319177793
CHEMBL187449,CC[C@H](NC(=O)[C@H](CC1CCCCC1)NC(=O)[C@@H](NC(=O)[C@H](CC(C)C)NC(=O)c1cnccn1)[C@@H](C)CC)C(=O)C(=O)NCc1nn[nH]n1,active,697.8419999999998,0.9006000000000045,6.0,11.0,6.337242168318426
CHEMBL380997,CCC[C@]1(CC(=O)O)OCCc2c1sc1c(C)cc(F)c(C#N)c21,inactive,347.411,4.263300000000004,1.0,4.0,4.1249387366083
CHEMBL210593,Cc1cc(S(=O)(=O)N2CCC[C@H]2C(=O)O)c(N)cc1Cl,inactive,318.78200000000004,1.46832,2.0,4.0,4.1249387366083
CHEMBL222152,CC(C)C[C@H](NC(=O)C1Cc2ccccc2N1)C(=O)NC(CC(F)F)C(=O)C(=O)O,inactive,425.43200000000013,1.3477999999999994,4.0,5.0,4.301029995663981
CHEMBL225245,CC(C)C[C@H](NC(=O)C1(C2CCCCC2)Cc2ccccc2N1)C(=O)NC(CC(F)F)C(=O)C(=O)O,inactive,507.5780000000001,3.2983000000000002,4.0,5.0,4.161150909262744
CHEMBL225409,CC(C)C[C@H](NC(=O)C1(CC2CCC2)Cc2ccccc2N1)C(=O)NC(CC(F)F)C(=O)C(=O)O,inactive,493.5510000000001,2.908200000000001,4.0,5.0,4.468521082957745
CHEMBL390344,CC(C)C[C@H](NC(=O)C1(Cc2ccsc2C(=O)O)Cc2ccccc2N1)C(=O)NC(CC(F)F)C(=O)C(=O)O,active,565.5950000000003,2.7204000000000006,5.0,7.0,6.154901959985743
CHEMBL390344,CC(C)C[C@H](NC(=O)C1(Cc2ccsc2C(=O)O)Cc2ccccc2N1)C(=O)NC(CC(F)F)C(=O)C(=O)O,inactive,565.5950000000003,2.7204000000000006,5.0,7.0,4.136677139879544
CHEMBL390344,CC(C)C[C@H](NC(=O)C1(Cc2ccsc2C(=O)O)Cc2ccccc2N1)C(=O)NC(CC(F)F)C(=O)C(=O)O,inactive,565.5950000000003,2.7204000000000006,5.0,7.0,4.42021640338319
CHEMBL390344,CC(C)C[C@H](NC(=O)C1(Cc2ccsc2C(=O)O)Cc2ccccc2N1)C(=O)NC(CC(F)F)C(=O)C(=O)O,inactive,565.5950000000003,2.7204000000000006,5.0,7.0,4.568636235841013
CHEMBL439547,CC(C)C[C@H](NC(=O)C1Cc2ccc(OCC(=O)O)cc2N1)C(=O)NC(CC(F)F)C(=O)C(=O)O,inactive,499.4670000000001,0.811200000000001,5.0,7.0,5.0
CHEMBL439547,CC(C)C[C@H](NC(=O)C1Cc2ccc(OCC(=O)O)cc2N1)C(=O)NC(CC(F)F)C(=O)C(=O)O,inactive,499.4670000000001,0.811200000000001,5.0,7.0,4.568636235841013
